"text","favorited","favoriteCount","replyToSN","created","truncated","replyToSID","id","replyToUID","statusSource","screenName","retweetCount","isRetweet","retweeted","longitude","latitude"
"@boloco @jennafusfield I LITERALLY DREAMED ABOUT TAKING A TRAIN TO BOSTON JUST TO HAVE BOLOCO #HELP",FALSE,1,"boloco",2015-05-01 05:00:48,FALSE,"593792896308006912","594003513174335489","17234834","<a href=""http://twitter.com/download/iphone"" rel=""nofollow"">Twitter for iPhone</a>","sab_rodriguez16",0,FALSE,FALSE,NA,NA
"Accidentally got the wrong order from Boloco but they were on top of it and fixed it before I got back. So no complaints",FALSE,0,NA,2015-05-01 02:50:20,FALSE,NA,"593970682746314752",NA,"<a href=""http://twitter.com"" rel=""nofollow"">Twitter Web Client</a>","kramerchris1",0,FALSE,FALSE,NA,NA
"trying BOLOCO what a magical moment",FALSE,1,NA,2015-05-01 01:07:06,FALSE,NA,"593944699666305024",NA,"<a href=""http://www.echofon.com/"" rel=""nofollow"">Echofon</a>","raaachelsawyer",0,FALSE,FALSE,NA,NA
"@bolocobuzz @boloco Eating @bolocochildrens. Excellent as always. I don't think it's possible to get a bad meal here. #goodfood",FALSE,0,"bolocobuzz",2015-04-30 20:01:56,FALSE,NA,"593867902815580160","69915179","<a href=""http://twitter.com/download/iphone"" rel=""nofollow"">Twitter for iPhone</a>","terrycech",0,FALSE,FALSE,"0","0"
"@AJ_Marino @ChipotleTweets there is NOTHING worse than a bad burrito bowl. Boloco all the way!",FALSE,4,"AJ_Marino",2015-04-30 18:27:22,FALSE,"593832273935491072","593844103646990337","88564777","<a href=""http://twitter.com"" rel=""nofollow"">Twitter Web Client</a>","BrittBritt_Penn",0,FALSE,FALSE,NA,NA
"Going loco (@ Boloco Children's in Boston, MA) https://t.co/PkDZK1ZPlv",FALSE,1,NA,2015-04-30 18:26:48,FALSE,NA,"593843964337377280",NA,"<a href=""http://foursquare.com"" rel=""nofollow"">Foursquare</a>","AOchoaOrlando",0,FALSE,FALSE,NA,NA
"Got quite possible the worst burrito bowl ever at the @ChipotleTweets Copley Square location. Note to self: Boloco for work lunch only.",FALSE,3,NA,2015-04-30 17:40:21,FALSE,NA,"593832273935491072",NA,"<a href=""http://twitter.com/download/iphone"" rel=""nofollow"">Twitter for iPhone</a>","AJ_Marino",0,FALSE,FALSE,NA,NA
"I had to sell my car to get one but @boloco burritos are out of this world",FALSE,0,NA,2015-04-30 16:46:59,FALSE,NA,"593818842683592705",NA,"<a href=""http://twitter.com/download/iphone"" rel=""nofollow"">Twitter for iPhone</a>","benn921",0,FALSE,FALSE,NA,NA
"@TheLevelUp @boloco I cant recover the account I signed up for? My details are some how stored and cant checkout. http://t.co/l1gvIWFGb0",FALSE,0,"TheLevelUp",2015-04-30 16:33:26,FALSE,NA,"593815431162494976","245936814","<a href=""http://twitter.com"" rel=""nofollow"">Twitter Web Client</a>","inspiredclick",0,FALSE,FALSE,NA,NA
"@boloco online ordering doesn't work. Payment token failed. No where to put credit card in.",FALSE,0,"boloco",2015-04-30 16:28:16,FALSE,NA,"593814134753472513","17234834","<a href=""http://twitter.com/download/iphone"" rel=""nofollow"">Twitter for iPhone</a>","inspiredclick",0,FALSE,FALSE,NA,NA
"The #Foodie is out! http://t.co/c8UfdBAotq Stories via @boloco @SkinnyPancake @TwoGuysinVT",FALSE,1,NA,2015-04-30 16:12:46,FALSE,NA,"593810231056019457",NA,"<a href=""http://paper.li"" rel=""nofollow"">Paper.li</a>","merlotmommy",0,FALSE,FALSE,NA,NA
"I'm at Boloco in Boston, MA https://t.co/cMpYZukJXT",FALSE,0,NA,2015-04-30 16:06:46,FALSE,NA,"593808723740614657",NA,"<a href=""http://foursquare.com"" rel=""nofollow"">Foursquare</a>","joelbgreenberg",0,FALSE,FALSE,"-71.05652919","42.35434019"
"@boloco I would want nothing more",FALSE,0,"boloco",2015-04-30 15:11:25,FALSE,"593792896308006912","593794793806893058","17234834","<a href=""http://twitter.com/download/iphone"" rel=""nofollow"">Twitter for iPhone</a>","jennafusfield",0,FALSE,FALSE,NA,NA
"we're all over the burritos. but we want puppies and friendship too. can we tag team this? ;) https://t.co/VtpdjLwa9h",FALSE,6,NA,2015-04-30 15:03:53,FALSE,NA,"593792896308006912",NA,"<a href=""http://twitter.com"" rel=""nofollow"">Twitter Web Client</a>","boloco",1,FALSE,FALSE,NA,NA
"Is today the day I try @boloco breakfast?",FALSE,1,NA,2015-04-30 14:48:42,FALSE,NA,"593789075263508480",NA,"<a href=""http://twitter.com/download/iphone"" rel=""nofollow"">Twitter for iPhone</a>","amyalwaysknows",0,FALSE,FALSE,NA,NA
"@boloco killin the breakfast game",FALSE,0,"boloco",2015-04-30 13:53:40,FALSE,NA,"593775225214468096","17234834","<a href=""http://twitter.com"" rel=""nofollow"">Twitter Web Client</a>","thereal_sven",0,FALSE,FALSE,NA,NA
"@boloco What time do you start serving lunch burritos? #oneofthosedays",FALSE,1,"boloco",2015-04-30 13:32:07,FALSE,NA,"593769802352742400","17234834","<a href=""http://twitter.com/download/iphone"" rel=""nofollow"">Twitter for iPhone</a>","ediTORIally",0,FALSE,FALSE,NA,NA
"RT @BostonMagazine: .@boloco's new cheeseburger burrito debuts at all locations on May 4.  http://t.co/dNnYSMxMSl http://t.co/Po1170wRw4",FALSE,0,NA,2015-04-30 13:20:41,FALSE,NA,"593766925919981568",NA,"<a href=""http://twitter.com"" rel=""nofollow"">Twitter Web Client</a>","MichelleJural",4,TRUE,FALSE,NA,NA
"RT @BostonMagazine: .@boloco's new cheeseburger burrito debuts at all locations on May 4.  http://t.co/dNnYSMxMSl http://t.co/Po1170wRw4",FALSE,0,NA,2015-04-30 13:18:12,FALSE,NA,"593766301719535617",NA,"<a href=""http://twitter.com"" rel=""nofollow"">Twitter Web Client</a>","PR_pmg",4,TRUE,FALSE,NA,NA
"@boloco ayy girl. I'm gonna get you for lunch tomorrow mmkay?",FALSE,0,"boloco",2015-04-30 02:47:44,FALSE,NA,"593607640565035008","17234834","<a href=""http://twitter.com/download/iphone"" rel=""nofollow"">Twitter for iPhone</a>","Deadybears85",0,FALSE,FALSE,NA,NA
"let's hang out.  https://t.co/Qqp8BVa4z8",FALSE,3,NA,2015-04-29 23:21:13,FALSE,NA,"593555666171723776",NA,"<a href=""http://twitter.com/download/iphone"" rel=""nofollow"">Twitter for iPhone</a>","boloco",0,FALSE,FALSE,NA,NA
"a list of things I want right now in no specific order: boloco, 10 frenchie puppies, friendship with harry styles, to be done with finals",FALSE,5,NA,2015-04-29 23:06:42,FALSE,NA,"593552015688622081",NA,"<a href=""http://twitter.com/download/iphone"" rel=""nofollow"">Twitter for iPhone</a>","jennafusfield",0,FALSE,FALSE,NA,NA
"I need “@BostonMagazine: @boloco's new cheeseburger burrito debuts at all locations on May 4. http://t.co/JcXWIZMnue http://t.co/vRSXssyTzX”",FALSE,1,"BostonMagazine",2015-04-29 22:00:16,FALSE,"593491325183500290","593535296169320451","14420767","<a href=""http://twitter.com/download/iphone"" rel=""nofollow"">Twitter for iPhone</a>","iamnickye",0,FALSE,FALSE,NA,NA
"@boloco cool if I come over later?",FALSE,2,"boloco",2015-04-29 21:55:28,FALSE,NA,"593534089392566273","17234834","<a href=""http://twitter.com"" rel=""nofollow"">Twitter Web Client</a>","korlmarcus",0,FALSE,FALSE,"0","0"
"Needed a snack, and the mini was perfect! (@ Boloco in Boston, MA) https://t.co/AZuumxlBHJ",FALSE,1,NA,2015-04-29 21:54:45,FALSE,NA,"593533907305279489",NA,"<a href=""http://foursquare.com"" rel=""nofollow"">Foursquare</a>","BostonFab",0,FALSE,FALSE,"-71.0762892","42.35023"
"RT @BostonMagazine: .@boloco's new cheeseburger burrito debuts at all locations on May 4.  http://t.co/dNnYSMxMSl http://t.co/Po1170wRw4",FALSE,0,NA,2015-04-29 20:33:47,FALSE,NA,"593513529509982208",NA,"<a href=""http://twitter.com/download/iphone"" rel=""nofollow"">Twitter for iPhone</a>","truprincesslaya",4,TRUE,FALSE,NA,NA
"RT @BostonMagazine: .@boloco's new cheeseburger burrito debuts at all locations on May 4.  http://t.co/dNnYSMxMSl http://t.co/Po1170wRw4",FALSE,0,NA,2015-04-29 19:36:36,FALSE,NA,"593499141277294593",NA,"<a href=""http://twitter.com/download/iphone"" rel=""nofollow"">Twitter for iPhone</a>","DuffyLegal",4,TRUE,FALSE,NA,NA
"@boloco at Congress Street. Usually take out but eating here today. The music is very good--is this really one of those canned music pgms?",FALSE,0,"boloco",2015-04-29 19:10:46,FALSE,"593472950025756673","593492638118084609","17234834","<a href=""http://twitter.com/download/iphone"" rel=""nofollow"">Twitter for iPhone</a>","Bossoccer84",0,FALSE,FALSE,NA,NA
"One more before you go @@RebeccaMazer ? So happy you are en route home though I know you will miss @NortheasternU @BostonMagazine @boloco",FALSE,0,"BostonMagazine",2015-04-29 19:08:02,FALSE,"593491325183500290","593491953100189697","14420767","<a href=""http://twitter.com"" rel=""nofollow"">Twitter Web Client</a>","TheJuliaBeck",0,FALSE,FALSE,"0","0"
".@boloco's new cheeseburger burrito debuts at all locations on May 4.  http://t.co/dNnYSMxMSl http://t.co/Po1170wRw4",FALSE,7,NA,2015-04-29 19:05:33,FALSE,NA,"593491325183500290",NA,"<a href=""https://about.twitter.com/products/tweetdeck"" rel=""nofollow"">TweetDeck</a>","BostonMagazine",4,FALSE,FALSE,NA,NA
".@boloco's new cheeseburger burrito debuts at all locations on May 4.  http://t.co/N8je5fjL0C http://t.co/Hk1d3b37tQ",FALSE,1,NA,2015-04-29 19:05:33,FALSE,NA,"593491325128937472",NA,"<a href=""https://about.twitter.com/products/tweetdeck"" rel=""nofollow"">TweetDeck</a>","bosfeed",0,FALSE,FALSE,NA,NA
"@boloco Erik working at @bolococommons deserves a free lunch, nicest guy ever",FALSE,1,"boloco",2015-04-29 18:14:25,FALSE,NA,"593478457293709313","17234834","<a href=""http://twitter.com/download/iphone"" rel=""nofollow"">Twitter for iPhone</a>","GreenwaldTweets",0,FALSE,FALSE,"0","0"
"@boloco it's been awhile but I'm craving one of the buffalo burritos! You should make some moves out to San Diego",FALSE,0,"boloco",2015-04-29 17:57:11,FALSE,NA,"593474122337882112","17234834","<a href=""http://twitter.com/download/iphone"" rel=""nofollow"">Twitter for iPhone</a>","Craft_Beard",0,FALSE,FALSE,NA,NA
"missing the #memphisbbq? so are we. but for now, how about a t shirt? now available at http://t.co/d0gy73jz0t http://t.co/tpvTAoV7G3",FALSE,1,NA,2015-04-29 17:52:32,FALSE,NA,"593472950025756673",NA,"<a href=""http://twitter.com"" rel=""nofollow"">Twitter Web Client</a>","boloco",2,FALSE,FALSE,NA,NA
"Sorry Chipotle, but Boloco bowls are way better. #sorrynotsorry #lunchaldesko",FALSE,0,NA,2015-04-29 16:59:15,FALSE,NA,"593459543255994371",NA,"<a href=""http://twitter.com"" rel=""nofollow"">Twitter Web Client</a>","shanlilhogan",0,FALSE,FALSE,NA,NA
"@sarahnoelsaint than you should definitely try Boloco",FALSE,1,"sarahnoelsaint",2015-04-29 16:56:56,FALSE,"593458647268773888","593458959706693632","197171935","<a href=""http://twitter.com/download/iphone"" rel=""nofollow"">Twitter for iPhone</a>","XoZelaya_",0,FALSE,FALSE,NA,NA
"That said, it's gonna be tough to use the Boloco one, seeing as they're no longer in DC anymore.",FALSE,0,"ShortFormErnie",2015-04-29 14:42:34,FALSE,"593424464320327680","593425146871963649","31586980","<a href=""http://twitter.com"" rel=""nofollow"">Twitter Web Client</a>","ShortFormErnie",0,FALSE,FALSE,NA,NA
"Shoutout to restaurants who offer birthday food rewards...@boloco, @AuBonPain and @panerabread ...you are my favs this week. #food #yum",FALSE,1,NA,2015-04-28 23:35:20,FALSE,NA,"593196832106373120",NA,"<a href=""http://twitter.com"" rel=""nofollow"">Twitter Web Client</a>","katesark",0,FALSE,FALSE,NA,NA
"Come to West Villages's Boloco event for a chance at some Amazon Swag! http://t.co/kQW89mYsFc",FALSE,0,NA,2015-04-28 22:10:47,FALSE,NA,"593175553819222017",NA,"<a href=""http://www.apple.com"" rel=""nofollow"">iOS</a>","AmazonAtNEU",0,FALSE,FALSE,NA,NA
"LIVE on #Periscope: the making of a cheeseburger burrito.... :) https://t.co/LHDxSToVwY",FALSE,0,NA,2015-04-28 20:44:45,FALSE,NA,"593153903518216192",NA,"<a href=""http://www.apple.com"" rel=""nofollow"">iOS</a>","boloco",0,FALSE,FALSE,NA,NA
"Craving Boloco when you're not in Boston &lt;&lt;&lt;",FALSE,1,NA,2015-04-28 19:22:05,FALSE,NA,"593133100969938944",NA,"<a href=""http://twitter.com/download/iphone"" rel=""nofollow"">Twitter for iPhone</a>","__geenahxo",0,FALSE,FALSE,NA,NA
"Should've stuck with Boloco today. @ChipotleTweets was foul #nochicken #stalesalsa",FALSE,0,NA,2015-04-28 17:47:25,FALSE,NA,"593109277021184000",NA,"<a href=""http://twitter.com"" rel=""nofollow"">Twitter Web Client</a>","laurenmackrose",0,FALSE,FALSE,"0","0"
"That boloco was life .. <ed><U+00A0><U+00BD><ed><U+00B8><U+00A9><ed><U+00A0><U+00BC><ed><U+00B6><U+0097>",FALSE,0,NA,2015-04-28 16:27:45,FALSE,NA,"593089229003071488",NA,"<a href=""http://twitter.com/download/iphone"" rel=""nofollow"">Twitter for iPhone</a>","EMG__x",0,FALSE,FALSE,NA,NA
"Boloco and chipotle are right next to each other. When one has a long line I go to the other.",FALSE,0,NA,2015-04-28 15:54:54,FALSE,NA,"593080960784191488",NA,"<a href=""http://twitter.com/download/iphone"" rel=""nofollow"">Twitter for iPhone</a>","RetroSpacely",0,FALSE,FALSE,NA,NA
"This sun shine got me in Boloco buying ""Summer"" burritos <ed><U+00A0><U+00BD><ed><U+00B2><U+009B><ed><U+00A0><U+00BD><ed><U+00B2><U+009B><ed><U+00A0><U+00BD><ed><U+00B2><U+009B><ed><U+00A0><U+00BD><ed><U+00B2><U+009B><ed><U+00A0><U+00BD><ed><U+00B2><U+009B>",FALSE,0,NA,2015-04-28 15:49:11,FALSE,NA,"593079523551387648",NA,"<a href=""http://twitter.com/download/iphone"" rel=""nofollow"">Twitter for iPhone</a>","PinkHighx_",0,FALSE,FALSE,NA,NA
"Boloco is 8 min away from the airport !! I'm so happy <ed><U+00A0><U+00BD><ed><U+00B8><U+00A9><ed><U+00A0><U+00BD><ed><U+00B8><U+00A9>",FALSE,0,NA,2015-04-28 15:18:37,FALSE,NA,"593071828731559938",NA,"<a href=""http://twitter.com/download/iphone"" rel=""nofollow"">Twitter for iPhone</a>","EMG__x",0,FALSE,FALSE,NA,NA
"Last night to take advantage of this sweet deal! Boloco Warwick, Rhode Island, kids under the age of 12 can eat... http://t.co/T1fPkYc6Dc",FALSE,0,NA,2015-04-28 11:09:38,FALSE,NA,"593009169860403200",NA,"<a href=""http://www.facebook.com/twitter"" rel=""nofollow"">Facebook</a>","TheNewModernMom",0,FALSE,FALSE,NA,NA
"the fact that the boloco ordering kiosk lets me put CROUTONS in my BURRITO makes up for the fact that it wouldn't let me remove the broccoli",FALSE,3,NA,2015-04-28 02:21:15,FALSE,NA,"592876198226743296",NA,"<a href=""http://twitter.com"" rel=""nofollow"">Twitter Web Client</a>","abbyonastageyo",0,FALSE,FALSE,NA,NA
"guys I did my first Boloco signs with the help of @tucci0409 and they're not the worst, amirite? http://t.co/dhdHlx8uTK",FALSE,3,NA,2015-04-28 01:44:27,FALSE,NA,"592866936419164160",NA,"<a href=""http://twitter.com/download/iphone"" rel=""nofollow"">Twitter for iPhone</a>","wetmoose_",0,FALSE,FALSE,NA,NA
"Find me @ ur local boloco avoiding things and diving into a burrito bowl",FALSE,3,NA,2015-04-28 01:40:21,FALSE,NA,"592865903676633088",NA,"<a href=""http://twitter.com/download/iphone"" rel=""nofollow"">Twitter for iPhone</a>","MaddiSmillie",0,FALSE,FALSE,NA,NA
"@maryxfulford no it's legit. I got boloco delivered to my house the other night<ed><U+00A0><U+00BD><ed><U+00B8><U+0082>",FALSE,1,"maryxfulford",2015-04-28 00:16:11,FALSE,"592844617789394945","592844723284508672","2194255137","<a href=""http://twitter.com/download/iphone"" rel=""nofollow"">Twitter for iPhone</a>","makaylacolemann",0,FALSE,FALSE,NA,NA
"@boloco I love you, but my wife is 10 days past her due date and I came home with half a burrito for her... http://t.co/Garb2ZPJFT",FALSE,0,"boloco",2015-04-27 22:06:14,FALSE,NA,"592812021713936384","17234834","<a href=""http://twitter.com/download/iphone"" rel=""nofollow"">Twitter for iPhone</a>","mikeofthegreco",0,FALSE,FALSE,NA,NA
"The @boloco app is really cool!",FALSE,0,NA,2015-04-27 17:37:25,FALSE,NA,"592744373114314752",NA,"<a href=""http://twitter.com/download/iphone"" rel=""nofollow"">Twitter for iPhone</a>","ericgrady14",0,FALSE,FALSE,NA,NA
"I'm at Boloco in Boston, MA https://t.co/lgo2DEQkaO",FALSE,0,NA,2015-04-27 16:50:33,FALSE,NA,"592732576101588994",NA,"<a href=""http://foursquare.com"" rel=""nofollow"">Foursquare</a>","kylewaring",0,FALSE,FALSE,"-71.05652919","42.35434019"
"@EconBizFin Laissez faire. I kicked McDon'talds over a year ago. Boloco is better than Chipotle in my opinion!",FALSE,1,"EconBizFin",2015-04-27 16:10:22,FALSE,"592721075584299009","592722466360971267","32359921","<a href=""http://twitter.com"" rel=""nofollow"">Twitter Web Client</a>","Evan_T_Leary",0,FALSE,FALSE,"0","0"
"RT @leeannkjos: Tomorrow is my last day in Boston and all I want to do is spend 8 hours in boloco and drink 10 cups of DD coffee. #BaesInBo…",FALSE,0,NA,2015-04-27 04:21:39,FALSE,NA,"592544112085073920",NA,"<a href=""http://twitter.com/download/android"" rel=""nofollow"">Twitter for Android</a>","eileenjforrest",1,TRUE,FALSE,NA,NA
"Tomorrow is my last day in Boston and all I want to do is spend 8 hours in boloco and drink 10 cups of DD coffee. #BaesInBoston2k15",FALSE,1,NA,2015-04-27 04:03:37,FALSE,NA,"592539571738521600",NA,"<a href=""http://twitter.com/download/iphone"" rel=""nofollow"">Twitter for iPhone</a>","leeannkjos",1,FALSE,FALSE,NA,NA
"the girl at boloco looked like the girl with lipstick on her teeth from mean girls in the mathletes scene",FALSE,2,NA,2015-04-27 02:03:33,FALSE,NA,"592509356924641281",NA,"<a href=""http://twitter.com/download/android"" rel=""nofollow"">Twitter for Android</a>","Bitchfac3",0,FALSE,FALSE,NA,NA
"things I need:
summer
money
summer
boloco
summer",FALSE,9,NA,2015-04-26 23:38:18,FALSE,NA,"592472802164383746",NA,"<a href=""http://twitter.com/download/iphone"" rel=""nofollow"">Twitter for iPhone</a>","kellyjean180",0,FALSE,FALSE,NA,NA
"Chipotle had a steak outage so I was forced to go to boloco for my Mexican food needs tf. Boloco's not bad but come on I wanted chipotle",FALSE,0,NA,2015-04-26 23:05:29,FALSE,NA,"592464544724815872",NA,"<a href=""http://twitter.com/download/iphone"" rel=""nofollow"">Twitter for iPhone</a>","Odwangg",0,FALSE,FALSE,NA,NA
"I just checked in @boloco with #mPLACES  Download today!  http://t.co/8uiSyEOQgr",FALSE,0,NA,2015-04-26 22:52:01,FALSE,NA,"592461156217987072",NA,"<a href=""http://www.apple.com"" rel=""nofollow"">iOS</a>","hardtoreveal",0,FALSE,FALSE,NA,NA
"Caesar salad wrap from boloco sounds good rn",FALSE,0,NA,2015-04-26 20:48:41,FALSE,NA,"592430117802143744",NA,"<a href=""http://twitter.com/download/iphone"" rel=""nofollow"">Twitter for iPhone</a>","Kharliyah",0,FALSE,FALSE,NA,NA
"I want Boloco and I want dumplings so I'm getting both.",FALSE,0,NA,2015-04-26 19:10:11,FALSE,NA,"592405328966381568",NA,"<a href=""http://twitter.com/download/iphone"" rel=""nofollow"">Twitter for iPhone</a>","ManrielGrant",0,FALSE,FALSE,NA,NA
"If anyone goes to Dartmouth anytime soon for any reason go to boloco and get the mango passion smoothie you will not regret it I promise",FALSE,2,NA,2015-04-26 15:48:06,FALSE,NA,"592354474439618560",NA,"<a href=""http://twitter.com/download/iphone"" rel=""nofollow"">Twitter for iPhone</a>","rizzo_niki",0,FALSE,FALSE,NA,NA
"@bolocobuzz AW THAT WAS SO SWEET. It might've been the experiences I had at a particular Boloco tbh. Your business model is admirable tho!",FALSE,0,"bolocobuzz",2015-04-26 00:51:32,FALSE,"592125909034872833","592128846981390336","69915179","<a href=""http://twitter.com/download/iphone"" rel=""nofollow"">Twitter for iPhone</a>","mamasena_",0,FALSE,FALSE,NA,NA
"If you prefer Boloco over Maria's Taqueria, you need to spend some serious time learning to love yourself",FALSE,5,NA,2015-04-26 00:14:04,FALSE,NA,"592119415954628608",NA,"<a href=""http://twitter.com/download/iphone"" rel=""nofollow"">Twitter for iPhone</a>","mamasena_",0,FALSE,FALSE,NA,NA
"just got hit on by the Boloco cashier #good",FALSE,4,NA,2015-04-25 22:38:52,FALSE,NA,"592095457804984320",NA,"<a href=""http://twitter.com/download/iphone"" rel=""nofollow"">Twitter for iPhone</a>","LalleyLellis",0,FALSE,FALSE,NA,NA
"Boloco is life <ed><U+00A0><U+00BD><ed><U+00B9><U+008C><ed><U+00A0><U+00BD><ed><U+00B9><U+008C>",FALSE,0,NA,2015-04-25 22:15:56,FALSE,NA,"592089687306706944",NA,"<a href=""http://twitter.com/download/iphone"" rel=""nofollow"">Twitter for iPhone</a>","carlinaaa_xo",0,FALSE,FALSE,NA,NA
"Beyond not impressed with @boloco concord today. Almost no options for drinks, few napkins available and sticky tables",FALSE,0,NA,2015-04-25 21:17:21,FALSE,NA,"592074942541406208",NA,"<a href=""http://twitter.com/download/iphone"" rel=""nofollow"">Twitter for iPhone</a>","_LTowne",0,FALSE,FALSE,NA,NA
"RT @svnoles: Less than 1 hour to @benandjerrys ice cream social! #sustainable food = delicious food @FoodiumFD @Stonyfield @boloco @ABInBev…",FALSE,0,NA,2015-04-25 20:00:23,FALSE,NA,"592055575967588352",NA,"<a href=""http://twitter.com"" rel=""nofollow"">Twitter Web Client</a>","MIT_S_Summit",1,TRUE,FALSE,NA,NA
"Less than 1 hour to @benandjerrys ice cream social! #sustainable food = delicious food @FoodiumFD @Stonyfield @boloco @ABInBevNews #MITSS15",FALSE,1,NA,2015-04-25 19:47:26,FALSE,NA,"592052314942382080",NA,"<a href=""http://twitter.com/download/iphone"" rel=""nofollow"">Twitter for iPhone</a>","svnoles",1,FALSE,FALSE,NA,NA
"#shoutout to @jackpmccullough for waiting in line for me at ABP to have the smoothie machine broken and then Boloco ftw. :D",FALSE,0,NA,2015-04-25 19:07:11,FALSE,NA,"592042184758689792",NA,"<a href=""http://twitter.com"" rel=""nofollow"">Twitter Web Client</a>","K10Bro",0,FALSE,FALSE,NA,NA
"boloco is the best burrito place hands down <ed><U+00A0><U+00BD><ed><U+00B8><U+008D><ed><U+00A0><U+00BD><ed><U+00B8><U+00AD>",FALSE,1,NA,2015-04-25 16:40:18,FALSE,NA,"592005223029288960",NA,"<a href=""http://twitter.com/download/iphone"" rel=""nofollow"">Twitter for iPhone</a>","TiffanyBx3",0,FALSE,FALSE,NA,NA
"@Stephiie100 Popeyes. I'm sad it wasn't open during our time at northeastern. Good thing we had qdoba quest and Boloco",FALSE,0,"Stephiie100",2015-04-25 16:19:09,FALSE,"591993837725319169","591999900964913152","2871644764","<a href=""http://twitter.com/download/iphone"" rel=""nofollow"">Twitter for iPhone</a>","pearlwhirl",0,FALSE,FALSE,NA,NA
"@JohnPepper91 you've had interesting work-life since 90s - has any journo done interview re your Boloco-to-Uber  move?",FALSE,0,"JohnPepper91",2015-04-25 14:41:44,FALSE,"591974405481312256","591975384914272256","184524050","<a href=""http://twitter.com"" rel=""nofollow"">Twitter Web Client</a>","press4change",0,FALSE,FALSE,NA,NA
"Thanks @boloco for the early birthday present!",FALSE,0,NA,2015-04-25 14:37:26,FALSE,NA,"591974301563297792",NA,"<a href=""http://twitter.com/download/android"" rel=""nofollow"">Twitter for Android</a>","Koli_Boss",0,FALSE,FALSE,NA,NA
"Went to an event sponsored by Boloco, they didn't have my jersey size so i emailed them and they se… http://t.co/XVP05CLLYD",FALSE,0,NA,2015-04-25 14:26:02,FALSE,NA,"591971433498038273",NA,"<a href=""http://133.242.143.243/web/rss2twi.com/"" rel=""nofollow""><U+6700><U+65B0><U+30CB><U+30E5><U+30FC><U+30B9><U+914D><U+4FE1><U+30B5><U+30FC><U+30D3><U+30B9></a>","ParentingReddit",0,FALSE,FALSE,NA,NA
"Sorry not sorry @nancygtz_  #boloco #bolocolover http://t.co/0tIpBpDUPT",FALSE,1,NA,2015-04-25 04:35:37,FALSE,NA,"591822850107056128",NA,"<a href=""http://twitter.com/download/android"" rel=""nofollow"">Twitter for Android</a>","lauraaruiz",0,FALSE,FALSE,NA,NA
"Craving boloco. <ed><U+00A0><U+00BD><ed><U+00B8><U+00A9>",FALSE,0,NA,2015-04-25 03:00:54,FALSE,NA,"591799012698763264",NA,"<a href=""http://twitter.com/download/iphone"" rel=""nofollow"">Twitter for iPhone</a>","_O5O4",0,FALSE,FALSE,NA,NA
"Just got free boloco",FALSE,0,NA,2015-04-25 02:36:22,FALSE,NA,"591792838993715203",NA,"<a href=""http://twitter.com/download/iphone"" rel=""nofollow"">Twitter for iPhone</a>","THEKIDHUNDO",0,FALSE,FALSE,NA,NA
"Boloco is disgusting. #neveragain",FALSE,2,NA,2015-04-25 02:05:22,FALSE,NA,"591785036086648834",NA,"<a href=""http://twitter.com/download/iphone"" rel=""nofollow"">Twitter for iPhone</a>","riexbella",0,FALSE,FALSE,NA,NA
"@boloco is catering my wedding #burritosforeveryone",FALSE,2,"boloco",2015-04-25 01:15:27,FALSE,NA,"591772477732294658","17234834","<a href=""http://twitter.com/download/android"" rel=""nofollow"">Twitter for Android</a>","nosweeterwords",0,FALSE,FALSE,NA,NA
"RT @LHausle: Evolution of a team kit. 2010 to present. Cc: @B2C2Cycling. Also, hi @boloco. http://t.co/faJBAusIzP",FALSE,0,NA,2015-04-25 00:55:09,FALSE,NA,"591767366045999105",NA,"<a href=""http://tapbots.com/tweetbot"" rel=""nofollow"">Tweetbot for i<U+039F>S</a>","Roommate_X",4,TRUE,FALSE,NA,NA
"lamaravillaxO : Never going to Boloco ever again (via Twitter http://t.co/9KMBjZj0Hb)",FALSE,0,NA,2015-04-25 00:40:07,FALSE,NA,"591763584692137984",NA,"<a href=""http://ifttt.com"" rel=""nofollow"">IFTTT</a>","thewebsfastest",0,FALSE,FALSE,NA,NA
"Never going to Boloco ever again",FALSE,2,NA,2015-04-25 00:39:21,FALSE,NA,"591763388948160514",NA,"<a href=""http://twitter.com/download/iphone"" rel=""nofollow"">Twitter for iPhone</a>","lamaravillaxO",0,FALSE,FALSE,"-71.07191007","42.35183652"
"Got a plain rice and black bean burrito from @boloco :( wanted #thesummer http://t.co/89Mt2ATqzR",FALSE,0,NA,2015-04-25 00:10:39,FALSE,NA,"591756170181931008",NA,"<a href=""http://twitter.com/download/iphone"" rel=""nofollow"">Twitter for iPhone</a>","ShaiTai123",0,FALSE,FALSE,NA,NA
"Go #boloco or go home. #BaesInBoston2k15",FALSE,1,NA,2015-04-24 23:55:02,FALSE,NA,"591752237975740416",NA,"<a href=""http://twitter.com/download/iphone"" rel=""nofollow"">Twitter for iPhone</a>","leeannkjos",0,FALSE,FALSE,NA,NA
"@pauldipadua Nope boloco in Warwick!",FALSE,1,"pauldipadua",2015-04-24 21:29:32,FALSE,"591715120532848641","591715624147132416","1447553598","<a href=""http://twitter.com/download/iphone"" rel=""nofollow"">Twitter for iPhone</a>","xenenn",0,FALSE,FALSE,NA,NA
"Community Spotlight: Boloco http://t.co/GingS6OFA0",FALSE,0,NA,2015-04-24 17:13:36,FALSE,NA,"591651216213544962",NA,"<a href=""http://twitter.com"" rel=""nofollow"">Twitter Web Client</a>","tmohapatra",0,FALSE,FALSE,NA,NA
"The @boloco Yes Squad #rockslikeguac. Thanks for the great customer service!",FALSE,1,NA,2015-04-24 16:48:13,FALSE,NA,"591644824605962240",NA,"<a href=""http://twitter.com/download/iphone"" rel=""nofollow"">Twitter for iPhone</a>","minlest",0,FALSE,FALSE,NA,NA
"I want Boloco <ed><U+00A0><U+00BD><ed><U+00B8><U+008D>",FALSE,0,NA,2015-04-24 16:39:12,FALSE,NA,"591642557794385920",NA,"<a href=""http://twitter.com/download/iphone"" rel=""nofollow"">Twitter for iPhone</a>","_sincerelymk",0,FALSE,FALSE,NA,NA
"Eating boloco :3",FALSE,0,NA,2015-04-24 16:39:05,FALSE,NA,"591642528102883330",NA,"<a href=""http://twitter.com"" rel=""nofollow"">Twitter Web Client</a>","LoveTheFro",0,FALSE,FALSE,NA,NA
"RT @Northwood_Bev: #FF and support great #Beverley businesses @rumi_restaurant @letouryorkshire @vanessa_deli @Beverleyfmonair @boloco @RSB…",FALSE,0,NA,2015-04-24 16:19:53,FALSE,NA,"591637695862067200",NA,"<a href=""http://twitter.com/download/iphone"" rel=""nofollow"">Twitter for iPhone</a>","rumi_restaurant",1,TRUE,FALSE,NA,NA
"The #Foodie is out! http://t.co/Shir3Eppbi Stories via @VTrestoweek @EatingWell @boloco",FALSE,0,NA,2015-04-24 16:12:51,FALSE,NA,"591635926209712128",NA,"<a href=""http://paper.li"" rel=""nofollow"">Paper.li</a>","merlotmommy",0,FALSE,FALSE,NA,NA
"#FF and support great #Beverley businesses @rumi_restaurant @letouryorkshire @vanessa_deli @Beverleyfmonair @boloco @RSBev @rolandos_bev",FALSE,2,NA,2015-04-24 14:33:33,FALSE,NA,"591610938018689025",NA,"<a href=""http://twitter.com"" rel=""nofollow"">Twitter Web Client</a>","Northwood_Bev",1,FALSE,FALSE,NA,NA
"RT @B2C2Cycling: Bike Friday = burrito Friday with @boloco http://t.co/CpKlyKT6oJ",FALSE,0,NA,2015-04-24 12:19:06,FALSE,NA,"591577099267403776",NA,"<a href=""http://twitter.com/download/android"" rel=""nofollow"">Twitter for Android</a>","nikolhaustweets",4,TRUE,FALSE,NA,NA
"we look better with bikes ;) https://t.co/Y5UH1sTlUt",FALSE,0,NA,2015-04-24 12:15:15,FALSE,NA,"591576134078332929",NA,"<a href=""http://twitter.com/download/iphone"" rel=""nofollow"">Twitter for iPhone</a>","boloco",0,FALSE,FALSE,NA,NA
"RT @B2C2Cycling: Bike Friday = burrito Friday with @boloco http://t.co/CpKlyKT6oJ",FALSE,0,NA,2015-04-24 12:13:10,FALSE,NA,"591575606204231680",NA,"<a href=""http://twitter.com"" rel=""nofollow"">Twitter Web Client</a>","latimeriidae",4,TRUE,FALSE,NA,NA
"RT @B2C2Cycling: Bike Friday = burrito Friday with @boloco http://t.co/CpKlyKT6oJ",FALSE,0,NA,2015-04-24 12:08:21,FALSE,NA,"591574394725621760",NA,"<a href=""http://twitter.com/download/iphone"" rel=""nofollow"">Twitter for iPhone</a>","LHausle",4,TRUE,FALSE,NA,NA
"RT @B2C2Cycling: Bike Friday = burrito Friday with @boloco http://t.co/CpKlyKT6oJ",FALSE,0,NA,2015-04-24 12:02:16,FALSE,NA,"591572866291916802",NA,"<a href=""http://twitter.com/download/iphone"" rel=""nofollow"">Twitter for iPhone</a>","JennBlazejewski",4,TRUE,FALSE,NA,NA
"Bike Friday = burrito Friday with @boloco http://t.co/CpKlyKT6oJ",FALSE,6,NA,2015-04-24 11:54:22,FALSE,NA,"591570874626637824",NA,"<a href=""http://twitter.com/download/iphone"" rel=""nofollow"">Twitter for iPhone</a>","B2C2Cycling",4,FALSE,FALSE,NA,NA
"LIVE on #Periscope: #bikesandburritos at Bike Friday https://t.co/O40TC9OzNi",FALSE,2,NA,2015-04-24 11:51:49,FALSE,NA,"591570233065938944",NA,"<a href=""http://www.apple.com"" rel=""nofollow"">iOS</a>","boloco",0,FALSE,FALSE,NA,NA
"I'm in love with Boloco. #Coco",FALSE,0,NA,2015-04-24 05:05:39,FALSE,NA,"591468019865399296",NA,"<a href=""http://twitter.com/download/iphone"" rel=""nofollow"">Twitter for iPhone</a>","ironmanelrick",0,FALSE,FALSE,NA,NA
"RT @LHausle: Evolution of a team kit. 2010 to present. Cc: @B2C2Cycling. Also, hi @boloco. http://t.co/faJBAusIzP",FALSE,0,NA,2015-04-24 02:50:04,FALSE,NA,"591433899844206592",NA,"<a href=""http://twitter.com/download/android"" rel=""nofollow"">Twitter for Android</a>","nikolhaustweets",4,TRUE,FALSE,NA,NA
"RT @LHausle: Evolution of a team kit. 2010 to present. Cc: @B2C2Cycling. Also, hi @boloco. http://t.co/faJBAusIzP",FALSE,0,NA,2015-04-24 02:49:45,FALSE,NA,"591433820328566784",NA,"<a href=""http://twitter.com/download/iphone"" rel=""nofollow"">Twitter for iPhone</a>","killersim00",4,TRUE,FALSE,NA,NA
"RT @LHausle: Evolution of a team kit. 2010 to present. Cc: @B2C2Cycling. Also, hi @boloco. http://t.co/faJBAusIzP",FALSE,0,NA,2015-04-24 02:31:14,FALSE,NA,"591429160620404737",NA,"<a href=""http://twitter.com/download/iphone"" rel=""nofollow"">Twitter for iPhone</a>","B2C2Cycling",4,TRUE,FALSE,NA,NA
"Evolution of a team kit. 2010 to present. Cc: @B2C2Cycling. Also, hi @boloco. http://t.co/faJBAusIzP",FALSE,19,NA,2015-04-24 02:31:09,FALSE,NA,"591429136960397312",NA,"<a href=""http://twitter.com/download/iphone"" rel=""nofollow"">Twitter for iPhone</a>","LHausle",4,FALSE,FALSE,NA,NA
"RT @VPTaylo: Excited for #PRLabLogic and @boloco #burritos !!!  #WhyIPRLab",FALSE,0,NA,2015-04-24 00:03:12,FALSE,NA,"591391904266383361",NA,"<a href=""http://twitter.com/download/iphone"" rel=""nofollow"">Twitter for iPhone</a>","CassandraC_PR",3,TRUE,FALSE,NA,NA
"They know my order at Boloco <ed><U+00A0><U+00BD><ed><U+00B8><U+0094>",FALSE,0,NA,2015-04-24 00:01:13,FALSE,NA,"591391405899153409",NA,"<a href=""http://twitter.com/download/iphone"" rel=""nofollow"">Twitter for iPhone</a>","NattyDreadLocs",0,FALSE,FALSE,NA,NA
"RT @ConserveNow: .@BolocoBuzz is reducing #foodwaste via @LeanPath in 4 #restaurant locations http://t.co/I2XrfpsQYq. Get 10% off: http://t…",FALSE,0,NA,2015-04-23 23:42:24,FALSE,NA,"591386671020670978",NA,"<a href=""http://twitter.com/download/iphone"" rel=""nofollow"">Twitter for iPhone</a>","NCRLA",1,TRUE,FALSE,NA,NA
"Perks of working at Boloco .. Nutella shakes",FALSE,1,NA,2015-04-23 23:23:03,FALSE,NA,"591381802423611393",NA,"<a href=""http://twitter.com/download/iphone"" rel=""nofollow"">Twitter for iPhone</a>","XoZelaya_",0,FALSE,FALSE,NA,NA
"RT @VPTaylo: Excited for #PRLabLogic and @boloco #burritos !!!  #WhyIPRLab",FALSE,0,NA,2015-04-23 23:18:24,FALSE,NA,"591380631818502144",NA,"<a href=""http://twitter.com/download/iphone"" rel=""nofollow"">Twitter for iPhone</a>","emilykw3",3,TRUE,FALSE,NA,NA
"RT @VPTaylo: Excited for #PRLabLogic and @boloco #burritos !!!  #WhyIPRLab",FALSE,0,NA,2015-04-23 23:06:29,FALSE,NA,"591377633289580545",NA,"<a href=""http://twitter.com/download/iphone"" rel=""nofollow"">Twitter for iPhone</a>","amyshanler",3,TRUE,FALSE,NA,NA
"*gets off T at Hynes on way to Boloco* ""We should have gone to @sweetgreen"" *sprints back on T towards Copley*",FALSE,2,NA,2015-04-23 22:36:39,FALSE,NA,"591370123732242432",NA,"<a href=""http://twitter.com/download/iphone"" rel=""nofollow"">Twitter for iPhone</a>","ACTuallyalison",0,FALSE,FALSE,NA,NA
"Excited for #PRLabLogic and @boloco #burritos !!!  #WhyIPRLab",FALSE,2,NA,2015-04-23 22:30:45,FALSE,NA,"591368640785686528",NA,"<a href=""http://twitter.com/download/iphone"" rel=""nofollow"">Twitter for iPhone</a>","VPTaylo",3,FALSE,FALSE,NA,NA
"RT @coldstunna_: Worst burrito I ever had was at @boloco  https://t.co/Vx3307PHCO",FALSE,0,NA,2015-04-23 21:35:08,FALSE,NA,"591354644888064001",NA,"<a href=""http://twitter.com"" rel=""nofollow"">Twitter Web Client</a>","NMISL",2,TRUE,FALSE,NA,NA
"RT @coldstunna_: Worst burrito I ever had was at @boloco  https://t.co/Vx3307PHCO",FALSE,0,NA,2015-04-23 21:34:10,FALSE,NA,"591354401723408384",NA,"<a href=""http://twitter.com/download/android"" rel=""nofollow"">Twitter for Android</a>","Frozone718",2,TRUE,FALSE,NA,NA
"Worst burrito I ever had was at @boloco  https://t.co/Vx3307PHCO",FALSE,0,NA,2015-04-23 21:34:04,FALSE,NA,"591354374078734336",NA,"<a href=""http://twitter.com"" rel=""nofollow"">Twitter Web Client</a>","NoBrakes___",2,FALSE,FALSE,NA,NA
"Shout out to the couple yelling at each other in boloco",FALSE,0,NA,2015-04-23 21:27:03,FALSE,NA,"591352607391797248",NA,"<a href=""http://twitter.com/download/android"" rel=""nofollow"">Twitter for Android</a>","PandaWasHere",0,FALSE,FALSE,NA,NA
"@FatalieButt i drag boloco to the curb every Thursday night to get picked up on Friday morning...because its trash",FALSE,1,"FatalieButt",2015-04-23 20:49:56,FALSE,"591339030207410179","591343267901472771","2457595869","<a href=""http://twitter.com/download/android"" rel=""nofollow"">Twitter for Android</a>","homeschoolpizza",0,FALSE,FALSE,NA,NA
"Hello, old friend. Nice to be back in Boston. @boloco http://t.co/u2JeQlJ025",FALSE,1,NA,2015-04-23 19:54:00,FALSE,NA,"591329194476371968",NA,"<a href=""http://ifttt.com"" rel=""nofollow"">IFTTT</a>","SteveHofstetter",0,FALSE,FALSE,NA,NA
".@BolocoBuzz is reducing #foodwaste via @LeanPath in 4 #restaurant locations http://t.co/I2XrfpsQYq. Get 10% off: http://t.co/O2ulCLzdtF",FALSE,3,NA,2015-04-23 19:31:09,FALSE,NA,"591323443725004800",NA,"<a href=""http://www.hootsuite.com"" rel=""nofollow"">Hootsuite</a>","ConserveNow",1,FALSE,FALSE,NA,NA
"i want boloco so damn bad",FALSE,0,NA,2015-04-23 19:23:13,FALSE,NA,"591321445667643393",NA,"<a href=""http://twitter.com"" rel=""nofollow"">Twitter Web Client</a>","foxybrownbabe",0,FALSE,FALSE,NA,NA
"can anyone help out? :) RT @FatalieButt I want a Nutella shake from boloco rn please",FALSE,2,"FatalieButt",2015-04-23 18:54:16,FALSE,"591302341275553793","591314159654035456","2457595869","<a href=""http://www.desk.com"" rel=""nofollow"">Desk.com</a>","bolocobuzz",0,FALSE,FALSE,NA,NA
"RT @EricaMattison: 1st #bikefriday of the year tomorrow!@mydorchester meet @BikeDorchester at @ashmontcycles at 6:45am.@bikeboston @bostonb…",FALSE,0,NA,2015-04-23 18:16:41,FALSE,NA,"591304702261878785",NA,"<a href=""http://www.hootsuite.com"" rel=""nofollow"">Hootsuite</a>","DoorToOutdoors",4,TRUE,FALSE,NA,NA
"I want a Nutella shake from boloco rn please",FALSE,2,NA,2015-04-23 18:07:18,FALSE,NA,"591302341275553793",NA,"<a href=""http://twitter.com/download/iphone"" rel=""nofollow"">Twitter for iPhone</a>","FatalieButt",0,FALSE,FALSE,NA,NA
"@StripeyType The boloco app not only is more familiar to boloco staff but it has exclusive features, promotions, &amp; content = best experience",FALSE,0,"StripeyType",2015-04-23 18:05:28,FALSE,"591294164354134017","591301878635454464","135608573","<a href=""http://www.zendesk.com"" rel=""nofollow"">Zendesk</a>","TheLevelUp",0,FALSE,FALSE,NA,NA
"RT @EPIC_Stratton: Stoked that tomorrow is the first @bikeboston #BikeFriday of the year! I'll be w/ the Allston convoy for some rad @boloc…",FALSE,0,NA,2015-04-23 17:55:59,FALSE,NA,"591299494223994880",NA,"<a href=""http://twitter.com"" rel=""nofollow"">Twitter Web Client</a>","bikeboston",1,TRUE,FALSE,NA,NA
"@StripeyType Actually if you already have LevelUp, feel free to log in with those credentials in the boloco app since we power both apps.",FALSE,0,"StripeyType",2015-04-23 17:55:59,FALSE,"591294164354134017","591299492089036801","135608573","<a href=""http://www.zendesk.com"" rel=""nofollow"">Zendesk</a>","TheLevelUp",0,FALSE,FALSE,NA,NA
"@queenangelbaby (boloco still my baby tho)",FALSE,1,"queenangelbaby",2015-04-23 17:48:08,FALSE,"591297455058190336","591297515913359360","549746244","<a href=""http://twitter.com/download/iphone"" rel=""nofollow"">Twitter for iPhone</a>","queenangelbaby",0,FALSE,FALSE,NA,NA
"It's very silly that @Boloco wants me to use their app. You already take @thelevelup! Just link accounts!",FALSE,0,NA,2015-04-23 17:34:49,FALSE,NA,"591294164354134017",NA,"<a href=""http://twitter.com"" rel=""nofollow"">Twitter Web Client</a>","StripeyType",0,FALSE,FALSE,NA,NA
"@dartmouth_mih I want to see that at Thompson next season with @boloco #TacoCannon",FALSE,1,"Dartmouth_MIH",2015-04-23 17:24:52,FALSE,"591267342555992065","591291661109559298","364958564","<a href=""http://itunes.apple.com/us/app/twitter/id409789998?mt=12"" rel=""nofollow"">Twitter for Mac</a>","JankYourChain",0,FALSE,FALSE,NA,NA
"RT @bikeboston: MT @EricaMattison: 1st #bikefriday of the year tomorrow!@mydorchester meet @BikeDorchester at @ashmontcycles at 6:45am.@bik…",FALSE,0,NA,2015-04-23 17:05:51,FALSE,NA,"591286875333255169",NA,"<a href=""http://twitter.com/download/iphone"" rel=""nofollow"">Twitter for iPhone</a>","MassBike",1,TRUE,FALSE,NA,NA
"MT @EricaMattison: 1st #bikefriday of the year tomorrow!@mydorchester meet @BikeDorchester at @ashmontcycles at 6:45am.@bikeboston @boloco",FALSE,0,NA,2015-04-23 17:01:36,FALSE,NA,"591285807958388736",NA,"<a href=""http://www.hootsuite.com"" rel=""nofollow"">Hootsuite</a>","bikeboston",1,FALSE,FALSE,NA,NA
"Stoked that tomorrow is the first @bikeboston #BikeFriday of the year! I'll be w/ the Allston convoy for some rad @boloco breakfast!",FALSE,2,NA,2015-04-23 16:58:42,FALSE,NA,"591285078149492736",NA,"<a href=""https://about.twitter.com/products/tweetdeck"" rel=""nofollow"">TweetDeck</a>","EPIC_Stratton",1,FALSE,FALSE,NA,NA
".@bolocobuzz just took my first bite here at Boloco Commons of the cheeseburger burrito and holy moly I am in love",FALSE,0,"bolocobuzz",2015-04-23 16:55:24,FALSE,"590914666261401602","591284244477009920","69915179","<a href=""https://mobile.twitter.com"" rel=""nofollow"">Mobile Web (M5)</a>","OzWorldPeace",0,FALSE,FALSE,NA,NA
"Thank you @boloco and @TheLevelUp for my birthday burrito!",FALSE,0,NA,2015-04-23 16:47:17,FALSE,NA,"591282203121811456",NA,"<a href=""http://twitter.com"" rel=""nofollow"">Twitter Web Client</a>","ktamm9",0,FALSE,FALSE,NA,NA
"Boloco gave me a large smoothie today instead of a small and I'm not complaining! I like to think that they knew I've had a tough week ;)",FALSE,0,NA,2015-04-23 16:43:44,FALSE,NA,"591281310938832896",NA,"<a href=""http://twitter.com/download/iphone"" rel=""nofollow"">Twitter for iPhone</a>","EPathman",0,FALSE,FALSE,NA,NA
"RT @boloco: first @BikeBoston Bike Friday is tomorrow... show your bike gear, get a breakfast burrito :) http://t.co/VztJIKrrgl http://t.co…",FALSE,0,NA,2015-04-23 16:34:51,FALSE,NA,"591279076331098112",NA,"<a href=""http://tapbots.com/tweetbot"" rel=""nofollow"">Tweetbot for i<U+039F>S</a>","grolby",3,TRUE,FALSE,NA,NA
"oh, you flatter us! we're touched. RT @B2C2Cycling: When your sponsor goes above and beyond to always give back.  https://t.co/LzfNXD4IHs",FALSE,0,"B2C2Cycling",2015-04-23 16:24:57,FALSE,"591275102676901889","591276583853248512","90409194","<a href=""http://www.desk.com"" rel=""nofollow"">Desk.com</a>","bolocobuzz",0,FALSE,FALSE,NA,NA
"RT @boloco: first @BikeBoston Bike Friday is tomorrow... show your bike gear, get a breakfast burrito :) http://t.co/VztJIKrrgl http://t.co…",FALSE,0,NA,2015-04-23 16:24:09,FALSE,NA,"591276380446396417",NA,"<a href=""http://twitter.com"" rel=""nofollow"">Twitter Web Client</a>","prestonpb",3,TRUE,FALSE,NA,NA
"RT @B2C2Cycling: When your sponsor goes above and beyond to always give back.  https://t.co/z2fJp6lQxY",FALSE,0,NA,2015-04-23 16:23:01,FALSE,NA,"591276098148773888",NA,"<a href=""http://itunes.apple.com/us/app/twitter/id409789998?mt=12"" rel=""nofollow"">Twitter for Mac</a>","steveblack89",2,TRUE,FALSE,NA,NA
"RT @boloco: first @BikeBoston Bike Friday is tomorrow... show your bike gear, get a breakfast burrito :) http://t.co/VztJIKrrgl http://t.co…",FALSE,0,NA,2015-04-23 16:20:23,FALSE,NA,"591275434022719488",NA,"<a href=""http://twitter.com"" rel=""nofollow"">Twitter Web Client</a>","bpf78",3,TRUE,FALSE,NA,NA
"RT @B2C2Cycling: When your sponsor goes above and beyond to always give back.  https://t.co/z2fJp6lQxY",FALSE,0,NA,2015-04-23 16:19:24,FALSE,NA,"591275188341383169",NA,"<a href=""http://twitter.com"" rel=""nofollow"">Twitter Web Client</a>","LHausle",2,TRUE,FALSE,NA,NA
"When your sponsor goes above and beyond to always give back.  https://t.co/z2fJp6lQxY",FALSE,2,NA,2015-04-23 16:19:04,FALSE,NA,"591275102676901889",NA,"<a href=""http://twitter.com/download/iphone"" rel=""nofollow"">Twitter for iPhone</a>","B2C2Cycling",2,FALSE,FALSE,NA,NA
"first @BikeBoston Bike Friday is tomorrow... show your bike gear, get a breakfast burrito :) http://t.co/VztJIKrrgl http://t.co/u92wpd2XPF",FALSE,1,NA,2015-04-23 16:16:11,FALSE,NA,"591274378475790336",NA,"<a href=""http://twitter.com"" rel=""nofollow"">Twitter Web Client</a>","boloco",3,FALSE,FALSE,NA,NA
"RT @EricaMattison: 1st #bikefriday of the year tomorrow!@mydorchester meet @BikeDorchester at @ashmontcycles at 6:45am.@bikeboston @bostonb…",FALSE,0,NA,2015-04-23 16:05:06,FALSE,NA,"591271588693151744",NA,"<a href=""http://twitter.com"" rel=""nofollow"">Twitter Web Client</a>","harvestcoop",4,TRUE,FALSE,NA,NA
"RT @EricaMattison: 1st #bikefriday of the year tomorrow!@mydorchester meet @BikeDorchester at @ashmontcycles at 6:45am.@bikeboston @bostonb…",FALSE,0,NA,2015-04-23 16:02:37,FALSE,NA,"591270964522045441",NA,"<a href=""http://www.hootsuite.com"" rel=""nofollow"">Hootsuite</a>","SmamsOffice",4,TRUE,FALSE,NA,NA
"RT @EricaMattison: 1st #bikefriday of the year tomorrow!@mydorchester meet @BikeDorchester at @ashmontcycles at 6:45am.@bikeboston @bostonb…",FALSE,0,NA,2015-04-23 15:57:52,FALSE,NA,"591269766607831040",NA,"<a href=""http://twitter.com/download/iphone"" rel=""nofollow"">Twitter for iPhone</a>","BikeDorchester",4,TRUE,FALSE,NA,NA
"@boloco can you guys come deliver me lunch, please?",FALSE,0,"boloco",2015-04-23 15:34:27,FALSE,NA,"591263873191260160","17234834","<a href=""http://twitter.com/download/iphone"" rel=""nofollow"">Twitter for iPhone</a>","Deadybears85",0,FALSE,FALSE,NA,NA
"Omg trident or boloco on my solo adventure day???? #both????????",FALSE,1,NA,2015-04-23 15:26:45,FALSE,NA,"591261938321096704",NA,"<a href=""http://twitter.com/download/iphone"" rel=""nofollow"">Twitter for iPhone</a>","uhohjello",0,FALSE,FALSE,NA,NA
"Thanks @boloco for the early birthday present. Love paying with the boloco app!",FALSE,0,NA,2015-04-23 14:11:28,FALSE,NA,"591242989072097280",NA,"<a href=""http://twitter.com/download/android"" rel=""nofollow"">Twitter for Android</a>","sturmen",0,FALSE,FALSE,"-71.1033825","42.3274535"
"1st #bikefriday of the year tomorrow!@mydorchester meet @BikeDorchester at @ashmontcycles at 6:45am.@bikeboston @bostonbikeunion @boloco",FALSE,1,NA,2015-04-23 13:35:14,FALSE,NA,"591233873746464769",NA,"<a href=""http://twitter.com/download/android"" rel=""nofollow"">Twitter for Android</a>","EricaMattison",4,FALSE,FALSE,"-71.0525873","42.3110809"
"RT @RichHomieJohn11: Up late at night thinking about my bae from boloco @jbyors @brentjackson32 @bimbo_anthony",FALSE,0,NA,2015-04-23 12:59:56,FALSE,NA,"591224988537135104",NA,"<a href=""http://twitter.com/download/iphone"" rel=""nofollow"">Twitter for iPhone</a>","bimbo_anthony",1,TRUE,FALSE,NA,NA
